"serviceRequest","serviceExecution","service"
421.61103333333335,7.094816666666671,"serv3"
8.946283333333328,6.806149999999998,"transport"
0.19726666666666667,0.7233999999999999,"tr.warehouse"