"serviceRequest","serviceExecution","service"
382.32815000000016,6.600599999999993,"serv1"
7.770016666666663,6.606266666666655,"transport"
0.1232333333333333,0.630766666666667,"tr.warehouse"