"execution","remaining","total","transport"
41.788033333333324,3680.29856666667,3759.5972833333335,37.51068333333338