"execution","remaining","total","transport"
0.11496666666666666,0.34591666666666676,0.5533833333333332,0.09250000000000001