"execution","remaining","total","transport"
44.88633333333334,4037.666183333333,4123.553216666657,41.000699999999966