"serviceRequest","serviceExecution","service"
343.40189999999967,11.491583333333345,"serv1"
14.492983333333337,10.970316666666651,"transport"
0.4370166666666666,1.0824166666666668,"tr.warehouse"