"serviceRequest","serviceExecution","service"
367.5974833333334,7.779,"serv1"
1.5453833333333353,7.580450000000009,"transport"
0.1957166666666666,0.7796833333333332,"tr.warehouse"