"execution","remaining","total","transport"
41.87829999999992,3835.2174166666646,3916.4873000000007,39.391583333333294