"execution","remaining","total","transport"
41.09274999999996,3717.280566666663,3796.857716666678,38.48439999999995