"execution","remaining","total","transport"
11.72703333333332,406.4844999999999,428.9621666666662,10.75063333333332