"execution","remaining","total","transport"
43.934116666666675,3854.7456333333434,3936.9748999999993,38.29514999999998