"execution","remaining","total","transport"
11.786149999999981,415.675466666667,438.3789000000003,10.917283333333323