"execution","remaining","total","transport"
42.45270000000001,3838.451600000002,3918.7280166666706,37.82371666666673