"serviceRequest","serviceExecution","service"
390.54306666666633,8.007183333333334,"serv2"
1.4793166666666686,7.819800000000003,"transport"
0.22976666666666656,0.8621333333333331,"tr.warehouse"