"serviceRequest","serviceExecution","service"
309.2174999999999,10.695499999999983,"serv2"
13.333650000000002,10.917283333333323,"transport"
0.49264999999999987,1.0906500000000001,"tr.warehouse"