"serviceRequest","serviceExecution","service"
402.4299333333334,6.711066666666665,"serv2"
8.861566666666661,6.935433333333345,"transport"
0.15439999999999995,0.7270500000000001,"tr.warehouse"