"serviceRequest","serviceExecution","service"
1490.2589166666664,12.872883333333341,"serv2"
191.33125000000013,39.493200000000016,"transport"
1474.6732166666698,12.910050000000005,"serv1"
1507.1181833333335,13.373399999999995,"serv3"
1.3748000000000016,4.822033333333334,"tr.warehouse"