"execution","remaining","total","transport"
7.231366666666658,431.51558333333315,445.3532166666663,6.606266666666655