"execution","remaining","total","transport"
0.09465000000000001,0.4012166666666667,0.5920666666666664,0.0962