"execution","remaining","total","transport"
45.776349999999915,4058.9872000000014,4146.418433333335,41.65488333333335