"execution","remaining","total","transport"
8.869316666666665,433.82959999999997,450.51871666666653,7.819800000000003