"execution","remaining","total","transport"
12.574000000000016,432.78844999999984,456.33276666666694,10.970316666666651