"execution","remaining","total","transport"
3.189849999999999,31.661866666666654,37.74546666666664,2.8937499999999963