"execution","remaining","total","transport"
41.813966666666616,3781.3586333333405,3861.611000000004,38.43839999999999