"serviceRequest","serviceExecution","service"
364.5130999999998,3.952483333333333,"serv1"
63.01918333333334,7.825799999999998,"transport"
5.968816666666663,1.9946833333333336,"serv2"
14.411800000000003,1.8863500000000009,"serv3"
0.6172666666666665,1.9674000000000007,"tr.warehouse"