"serviceRequest","serviceExecution","service"
368.2890833333324,8.127516666666656,"serv3"
1.562750000000002,7.447183333333328,"transport"
0.2310666666666666,0.815166666666667,"tr.warehouse"