"serviceRequest","serviceExecution","service"
454.52593333333317,4.250733333333337,"serv1"
35.35596666666671,8.850466666666659,"transport"
11.411699999999996,2.23465,"serv2"
2.9526666666666683,2.176233333333333,"serv3"
0.6683333333333336,2.1284333333333327,"tr.warehouse"