"serviceRequest","serviceExecution","service"
30.74856666666667,3.1101999999999994,"serv1"
0.13918333333333333,0.7254666666666667,"transport"
2.35615,1.9799666666666669,"serv2"
1.7058833333333334,0.3310166666666667,"serv3"