"serviceRequest","serviceExecution","service"
310.9681000000002,10.59356666666666,"serv3"
12.936866666666672,10.75063333333332,"transport"
0.5030833333333333,1.1334666666666668,"tr.warehouse"