"serviceRequest","serviceExecution","service"
-668.4054666666666,3.3098333333333305,"serv1"
-563.7388833333334,6.742849999999994,"transport"
13.966250000000006,1.8866000000000003,"serv2"
6.0197999999999965,1.8334666666666666,"serv3"
0.5403333333333332,1.2706166666666665,"tr.warehouse"