"execution","remaining","total","transport"
5.555900000000003,650.274116666667,660.2465499999996,4.416533333333336