"execution","remaining","total","transport"
10.640850000000004,620.4842499999999,639.549383333333,8.424283333333346