"execution","remaining","total","transport"
10.09634999999999,587.1502333333327,605.4757500000006,8.229166666666668