"execution","remaining","total","transport"
8.558683333333336,429.00705000000033,445.146183333333,7.580450000000009