"execution","remaining","total","transport"
9.68638333333333,575.65245,593.0982333333335,7.759400000000009