"execution","remaining","total","transport"
10.767533333333311,618.4729499999996,637.936116666667,8.695633333333339