"execution","remaining","total","transport"
43.41871666666658,3794.8547999999987,3876.2421666666614,37.96865000000006