"execution","remaining","total","transport"
8.598949999999999,644.5154666666668,660.2316333333339,7.117216666666672