"execution","remaining","total","transport"
7.438116666666664,459.27825000000007,473.6518,6.935433333333345