"execution","remaining","total","transport"
10.05103333333332,592.3176333333327,610.0802333333339,7.711566666666666