"execution","remaining","total","transport"
43.978366666666695,4920.247983333336,5003.719550000006,39.493200000000016