"execution","remaining","total","transport"
8.942683333333331,425.2568333333336,441.6466999999996,7.447183333333328