"execution","remaining","total","transport"
7.81821666666667,463.73943333333267,478.3638000000001,6.806149999999998