"execution","remaining","total","transport"
9.44356666666668,626.3070000000005,643.8571166666666,8.106550000000002