"execution","remaining","total","transport"
9.800916666666655,565.8580166666658,583.4847333333336,7.825799999999998