"execution","remaining","total","transport"
10.090150000000003,619.0406166666671,637.356583333333,8.225816666666667