"execution","remaining","total","transport"
0.019283333333333333,0.037649999999999996,0.07501666666666666,0.018083333333333333