"execution","remaining","total","transport"
45.10400000000002,3933.2727333333314,4018.7537500000076,40.377016666666705