"execution","remaining","total","transport"
41.83515000000001,3698.2009833333354,3777.351649999995,37.315516666666575