"execution","remaining","total","transport"
9.676799999999965,1423.7764666666656,1441.1292333333333,7.675966666666659