"execution","remaining","total","transport"
6.768216666666667,636.6258833333344,648.6220666666659,5.227966666666668