"execution","remaining","total","transport"
10.189533333333328,602.1478666666659,617.3620999999996,5.024699999999994