"execution","remaining","total","transport"
9.826499999999985,613.8017333333331,631.5280333333335,7.899799999999997