"execution","remaining","total","transport"
8.300516666666674,762.7193166666653,777.7626833333331,6.742849999999994