"execution","remaining","total","transport"
8.482966666666664,733.9086499999996,749.5243333333337,7.132716666666667