"execution","remaining","total","transport"
10.590099999999994,641.1393666666668,660.276183333334,8.546716666666667