"execution","remaining","total","transport"
0.24175000000000002,6.181700000000002,6.610216666666666,0.18676666666666666