"execution","remaining","total","transport"
10.073116666666674,618.1611000000003,637.0254333333344,8.791216666666669