"execution","remaining","total","transport"
0.22565000000000004,1.7639333333333331,2.2251166666666666,0.23553333333333334