"execution","remaining","total","transport"
10.790049999999987,631.9150166666665,651.5555333333339,8.850466666666659