"execution","remaining","total","transport"
5.4211833333333335,54.35940000000001,60.506049999999995,0.7254666666666667