"execution","remaining","total","transport"
3.1598666666666664,31.507883333333314,37.607566666666685,2.939816666666667