"execution","remaining","total","transport"
9.51846666666668,626.2855833333331,643.5057333333334,7.701683333333329